name, ra, dec, redshift, obsids
SPT-CL 0517-5430, 79.15112, -54.50852, 0.304, "9331, 15099"
G342.31-34.90, 305.84533, -55.585375, 0.231, 15108
